,aN,d,e,aC
ALA,0.06190476190476191,0.08095238095238096,0.06904761904761905,0.07857142857142857
CYS,0.002380952380952381,0.02142857142857143,0.007142857142857143,0.004761904761904762
ASP,0.004761904761904762,0.004761904761904762,0.030952380952380953,0.0
GLU,0.03571428571428571,0.17142857142857143,0.0880952380952381,0.004761904761904762
PHE,0.002380952380952381,0.03333333333333333,0.0,0.009523809523809525
GLY,0.0,0.0,0.0,0.0
HIS,0.016666666666666666,0.002380952380952381,0.02619047619047619,0.002380952380952381
ILE,0.08095238095238096,0.08095238095238096,0.023809523809523808,0.21904761904761905
LYS,0.023809523809523808,0.007142857142857143,0.0761904761904762,0.1380952380952381
LEU,0.40476190476190477,0.11666666666666667,0.047619047619047616,0.10952380952380952
MET,0.01904761904761905,0.11666666666666667,0.002380952380952381,0.03333333333333333
ASN,0.023809523809523808,0.014285714285714285,0.009523809523809525,0.02619047619047619
PRO,0.0,0.0,0.0,0.0
GLN,0.016666666666666666,0.014285714285714285,0.24761904761904763,0.06904761904761905
ARG,0.030952380952380953,0.02619047619047619,0.2357142857142857,0.10952380952380952
SER,0.12380952380952381,0.047619047619047616,0.04047619047619048,0.05
THR,0.04047619047619048,0.07142857142857142,0.03333333333333333,0.10952380952380952
VAL,0.02142857142857143,0.18333333333333332,0.03333333333333333,0.01904761904761905
TRP,0.014285714285714285,0.0,0.004761904761904762,0.0
TYR,0.0761904761904762,0.007142857142857143,0.023809523809523808,0.016666666666666666
