,aN,d,e,aC
ALA,0.23801652892561984,0.12892561983471074,0.0512396694214876,0.16033057851239668
CYS,0.006611570247933884,0.001652892561983471,0.01652892561983471,0.003305785123966942
ASP,0.001652892561983471,0.013223140495867768,0.08264462809917356,0.0
GLU,0.009917355371900827,0.05619834710743802,0.03305785123966942,0.01818181818181818
PHE,0.07603305785123966,0.10082644628099173,0.02809917355371901,0.008264462809917356
GLY,0.0,0.0,0.0,0.0
HIS,0.006611570247933884,0.019834710743801654,0.024793388429752067,0.0049586776859504135
ILE,0.04462809917355372,0.06115702479338843,0.0049586776859504135,0.047933884297520664
LYS,0.006611570247933884,0.009917355371900827,0.021487603305785124,0.01652892561983471
LEU,0.15206611570247933,0.1487603305785124,0.27107438016528923,0.1537190082644628
MET,0.011570247933884297,0.047933884297520664,0.02975206611570248,0.019834710743801654
ASN,0.0049586776859504135,0.13884297520661157,0.17851239669421487,0.006611570247933884
PRO,0.003305785123966942,0.0,0.001652892561983471,0.0
GLN,0.023140495867768594,0.02975206611570248,0.01652892561983471,0.008264462809917356
ARG,0.049586776859504134,0.003305785123966942,0.09090909090909091,0.02809917355371901
SER,0.27107438016528923,0.01487603305785124,0.05785123966942149,0.39834710743801655
THR,0.013223140495867768,0.03966942148760331,0.024793388429752067,0.047933884297520664
VAL,0.04462809917355372,0.047933884297520664,0.02975206611570248,0.05785123966942149
TRP,0.011570247933884297,0.009917355371900827,0.001652892561983471,0.0
TYR,0.024793388429752067,0.12727272727272726,0.03471074380165289,0.019834710743801654
