,aN,d,e,aC
ALA,0.05595854922279793,0.23316062176165803,0.0538860103626943,0.10880829015544041
CYS,0.00932642487046632,0.027979274611398965,0.0051813471502590676,0.015544041450777202
ASP,0.0010362694300518134,0.007253886010362694,0.035233160621761656,0.0010362694300518134
GLU,0.012435233160621761,0.09015544041450778,0.09637305699481866,0.025906735751295335
PHE,0.05906735751295337,0.07046632124352331,0.013471502590673576,0.039378238341968914
GLY,0.0,0.0,0.0,0.0
HIS,0.02383419689119171,0.021761658031088083,0.022797927461139896,0.015544041450777202
ILE,0.1533678756476684,0.035233160621761656,0.07357512953367876,0.12435233160621761
LYS,0.024870466321243522,0.06735751295336788,0.10880829015544041,0.00932642487046632
LEU,0.3305699481865285,0.2559585492227979,0.1461139896373057,0.36580310880829014
MET,0.04041450777202073,0.03005181347150259,0.012435233160621761,0.04041450777202073
ASN,0.0,0.014507772020725389,0.015544041450777202,0.02072538860103627
PRO,0.004145077720207254,0.0,0.0,0.0
GLN,0.02072538860103627,0.024870466321243522,0.11295336787564766,0.035233160621761656
ARG,0.03005181347150259,0.007253886010362694,0.07150259067357513,0.03626943005181347
SER,0.014507772020725389,0.02072538860103627,0.0383419689119171,0.0383419689119171
THR,0.04145077720207254,0.04041450777202073,0.06839378238341969,0.00932642487046632
VAL,0.08808290155440414,0.035233160621761656,0.0922279792746114,0.05595854922279793
TRP,0.01865284974093264,0.0010362694300518134,0.0031088082901554403,0.02072538860103627
TYR,0.07150259067357513,0.016580310880829015,0.03005181347150259,0.03730569948186528
