,aN,d,e,aC
ALA,0.278503046127067,0.134029590948651,0.09660574412532637,0.37249782419495214
CYS,0.0278503046127067,0.0391644908616188,0.009573542210617928,0.025239338555265448
ASP,0.0026109660574412533,0.011314186248912098,0.026979982593559618,0.0
GLU,0.018276762402088774,0.09138381201044386,0.0557006092254134,0.015665796344647518
PHE,0.06353350739773717,0.07484769364664925,0.022628372497824196,0.007832898172323759
GLY,0.0,0.0,0.0,0.0
HIS,0.034812880765883375,0.053959965187119235,0.014795474325500435,0.034812880765883375
ILE,0.0391644908616188,0.05918189730200174,0.07397737162750218,0.1462140992167102
LYS,0.015665796344647518,0.02175805047867711,0.05134899912967798,0.012184508268059183
LEU,0.206266318537859,0.17232375979112272,0.20191470844212359,0.11401218450826806
MET,0.031331592689295036,0.038294168842471714,0.03220191470844212,0.02610966057441253
ASN,0.0026109660574412533,0.010443864229765013,0.06353350739773717,0.012184508268059183
PRO,0.0026109660574412533,0.0,0.0,0.0
GLN,0.02610966057441253,0.020017406440382943,0.09051348999129678,0.020887728459530026
ARG,0.03568320278503046,0.018276762402088774,0.03655352480417755,0.02610966057441253
SER,0.09225413402959094,0.033942558746736295,0.06962576153176675,0.0783289817232376
THR,0.01392515230635335,0.02175805047867711,0.02959094865100087,0.018276762402088774
VAL,0.038294168842471714,0.060922541340295906,0.040905134899912966,0.08006962576153177
TRP,0.007832898172323759,0.005221932114882507,0.03307223672758921,0.0008703220191470844
TYR,0.06266318537859007,0.13315926892950392,0.050478677110530897,0.008703220191470844
