,aN,d,e,aC
ALA,0.061274509803921566,0.07598039215686274,0.17401960784313725,0.06862745098039216
CYS,0.004901960784313725,0.058823529411764705,0.012254901960784314,0.012254901960784314
ASP,0.0024509803921568627,0.01715686274509804,0.022058823529411766,0.0024509803921568627
GLU,0.014705882352941176,0.004901960784313725,0.03431372549019608,0.022058823529411766
PHE,0.041666666666666664,0.022058823529411766,0.04411764705882353,0.07598039215686274
GLY,0.0,0.0,0.0,0.0
HIS,0.0196078431372549,0.03676470588235294,0.007352941176470588,0.05392156862745098
ILE,0.12745098039215685,0.022058823529411766,0.022058823529411766,0.11764705882352941
LYS,0.03676470588235294,0.029411764705882353,0.029411764705882353,0.041666666666666664
LEU,0.25980392156862747,0.39950980392156865,0.14215686274509803,0.2647058823529412
MET,0.07352941176470588,0.0392156862745098,0.061274509803921566,0.0661764705882353
ASN,0.049019607843137254,0.0196078431372549,0.05392156862745098,0.0024509803921568627
PRO,0.0024509803921568627,0.0,0.0,0.004901960784313725
GLN,0.02696078431372549,0.022058823529411766,0.058823529411764705,0.08823529411764706
ARG,0.08823529411764706,0.007352941176470588,0.061274509803921566,0.02696078431372549
SER,0.022058823529411766,0.04656862745098039,0.12009803921568628,0.024509803921568627
THR,0.04411764705882353,0.1053921568627451,0.08088235294117647,0.00980392156862745
VAL,0.0784313725490196,0.051470588235294115,0.041666666666666664,0.07107843137254902
TRP,0.0,0.007352941176470588,0.014705882352941176,0.0
TYR,0.04656862745098039,0.03431372549019608,0.0196078431372549,0.04656862745098039
