,aN,d,e,aC
ALA,0.10294117647058823,0.25,0.10294117647058823,0.04411764705882353
CYS,0.029411764705882353,0.0,0.08823529411764706,0.058823529411764705
ASP,0.014705882352941176,0.0,0.11764705882352941,0.0
GLU,0.08823529411764706,0.0,0.1323529411764706,0.0
PHE,0.0,0.0,0.0,0.0
GLY,0.0,0.0,0.0,0.0
HIS,0.0,0.0,0.0,0.0
ILE,0.08823529411764706,0.20588235294117646,0.029411764705882353,0.058823529411764705
LYS,0.0,0.029411764705882353,0.25,0.0
LEU,0.38235294117647056,0.2647058823529412,0.029411764705882353,0.17647058823529413
MET,0.0,0.014705882352941176,0.0,0.058823529411764705
ASN,0.0,0.0,0.029411764705882353,0.0
PRO,0.0,0.0,0.014705882352941176,0.0
GLN,0.0,0.0,0.029411764705882353,0.029411764705882353
ARG,0.04411764705882353,0.0,0.058823529411764705,0.14705882352941177
SER,0.10294117647058823,0.029411764705882353,0.0,0.0
THR,0.0,0.029411764705882353,0.08823529411764706,0.029411764705882353
VAL,0.11764705882352941,0.1323529411764706,0.014705882352941176,0.36764705882352944
TRP,0.029411764705882353,0.0,0.0,0.0
TYR,0.0,0.04411764705882353,0.014705882352941176,0.029411764705882353
