,dN,g,a,dC
ALA,0.07709497206703911,0.15865921787709497,0.06480446927374302,0.09608938547486033
CYS,0.017877094972067038,0.013407821229050279,0.0067039106145251395,0.01675977653631285
ASP,0.008938547486033519,0.02011173184357542,0.0111731843575419,0.0022346368715083797
GLU,0.00782122905027933,0.09832402234636871,0.04692737430167598,0.0223463687150838
PHE,0.048044692737430165,0.021229050279329607,0.026815642458100558,0.048044692737430165
GLY,0.0,0.0,0.0,0.0
HIS,0.0067039106145251395,0.01564245810055866,0.008938547486033519,0.017877094972067038
ILE,0.048044692737430165,0.053631284916201116,0.08044692737430167,0.12513966480446928
LYS,0.02569832402234637,0.0670391061452514,0.08603351955307263,0.017877094972067038
LEU,0.4960893854748603,0.1318435754189944,0.3217877094972067,0.38994413407821227
MET,0.03240223463687151,0.03910614525139665,0.01005586592178771,0.0223463687150838
ASN,0.03240223463687151,0.02905027932960894,0.01452513966480447,0.01452513966480447
PRO,0.0033519553072625698,0.0,0.0,0.0
GLN,0.01452513966480447,0.08268156424581005,0.0782122905027933,0.030167597765363128
ARG,0.0022346368715083797,0.02011173184357542,0.11284916201117319,0.00782122905027933
SER,0.017877094972067038,0.054748603351955305,0.04357541899441341,0.026815642458100558
THR,0.034636871508379886,0.054748603351955305,0.008938547486033519,0.02569832402234637
VAL,0.06368715083798883,0.09050279329608939,0.042458100558659215,0.08603351955307263
TRP,0.012290502793296089,0.0011173184357541898,0.0022346368715083797,0.01005586592178771
TYR,0.05027932960893855,0.048044692737430165,0.0335195530726257,0.04022346368715084
