,dN,g,a,dC
ALA,0.02577319587628866,0.2422680412371134,0.16494845360824742,0.09020618556701031
CYS,0.03350515463917526,0.01288659793814433,0.010309278350515464,0.015463917525773196
ASP,0.01288659793814433,0.030927835051546393,0.0,0.0
GLU,0.007731958762886598,0.04381443298969072,0.13917525773195877,0.01288659793814433
PHE,0.05670103092783505,0.041237113402061855,0.028350515463917526,0.13402061855670103
GLY,0.0,0.0,0.0,0.0
HIS,0.002577319587628866,0.07474226804123711,0.005154639175257732,0.01288659793814433
ILE,0.03608247422680412,0.07474226804123711,0.14432989690721648,0.19329896907216496
LYS,0.005154639175257732,0.06701030927835051,0.01804123711340206,0.020618556701030927
LEU,0.49742268041237114,0.0979381443298969,0.17268041237113402,0.29381443298969073
MET,0.015463917525773196,0.0979381443298969,0.04381443298969072,0.07989690721649484
ASN,0.01288659793814433,0.005154639175257732,0.005154639175257732,0.01804123711340206
PRO,0.0,0.010309278350515464,0.0,0.0
GLN,0.01804123711340206,0.03865979381443299,0.04381443298969072,0.01288659793814433
ARG,0.03865979381443299,0.03865979381443299,0.007731958762886598,0.0
SER,0.028350515463917526,0.06958762886597938,0.06958762886597938,0.01804123711340206
THR,0.015463917525773196,0.023195876288659795,0.028350515463917526,0.01804123711340206
VAL,0.07474226804123711,0.020618556701030927,0.07989690721649484,0.03865979381443299
TRP,0.002577319587628866,0.0,0.015463917525773196,0.015463917525773196
TYR,0.11597938144329897,0.010309278350515464,0.023195876288659795,0.02577319587628866
