,dN,g,a,dC
ALA,0.13377926421404682,0.22742474916387959,0.1705685618729097,0.11036789297658862
CYS,0.07692307692307693,0.10702341137123746,0.016722408026755852,0.10702341137123746
ASP,0.0,0.006688963210702341,0.0,0.013377926421404682
GLU,0.0033444816053511705,0.10702341137123746,0.05016722408026756,0.04013377926421405
PHE,0.12374581939799331,0.020066889632107024,0.030100334448160536,0.10033444816053512
GLY,0.0,0.0,0.0,0.0
HIS,0.006688963210702341,0.0,0.030100334448160536,0.016722408026755852
ILE,0.0903010033444816,0.08361204013377926,0.12709030100334448,0.046822742474916385
LYS,0.013377926421404682,0.04013377926421405,0.04013377926421405,0.020066889632107024
LEU,0.20066889632107024,0.17391304347826086,0.24414715719063546,0.2508361204013378
MET,0.046822742474916385,0.006688963210702341,0.0802675585284281,0.016722408026755852
ASN,0.013377926421404682,0.05016722408026756,0.0033444816053511705,0.0
PRO,0.010033444816053512,0.0,0.0,0.0
GLN,0.006688963210702341,0.03678929765886288,0.013377926421404682,0.03678929765886288
ARG,0.0,0.013377926421404682,0.06020066889632107,0.0
SER,0.04013377926421405,0.026755852842809364,0.0033444816053511705,0.030100334448160536
THR,0.016722408026755852,0.016722408026755852,0.006688963210702341,0.016722408026755852
VAL,0.08695652173913043,0.08361204013377926,0.09698996655518395,0.08695652173913043
TRP,0.030100334448160536,0.0,0.0,0.0033444816053511705
TYR,0.10033444816053512,0.0,0.026755852842809364,0.10367892976588629
