,dN,g,a,dC
ALA,0.050505050505050504,0.1919191919191919,0.04040404040404041,0.016835016835016835
CYS,0.006734006734006734,0.07744107744107744,0.0,0.0
ASP,0.013468013468013467,0.013468013468013467,0.010101010101010102,0.013468013468013467
GLU,0.15151515151515152,0.20202020202020202,0.013468013468013467,0.05387205387205387
PHE,0.03367003367003367,0.010101010101010102,0.15488215488215487,0.010101010101010102
GLY,0.0,0.0,0.0,0.0
HIS,0.013468013468013467,0.006734006734006734,0.0,0.013468013468013467
ILE,0.08080808080808081,0.016835016835016835,0.08754208754208755,0.0707070707070707
LYS,0.02356902356902357,0.06060606060606061,0.02356902356902357,0.010101010101010102
LEU,0.11447811447811448,0.16498316498316498,0.1919191919191919,0.15151515151515152
MET,0.013468013468013467,0.0,0.026936026936026935,0.016835016835016835
ASN,0.2828282828282828,0.04377104377104377,0.037037037037037035,0.29292929292929293
PRO,0.0,0.0,0.0,0.0
GLN,0.010101010101010102,0.12121212121212122,0.006734006734006734,0.02356902356902357
ARG,0.006734006734006734,0.016835016835016835,0.010101010101010102,0.0
SER,0.0707070707070707,0.03367003367003367,0.28619528619528617,0.23232323232323232
THR,0.06734006734006734,0.03367003367003367,0.09764309764309764,0.026936026936026935
VAL,0.04713804713804714,0.006734006734006734,0.013468013468013467,0.016835016835016835
TRP,0.003367003367003367,0.0,0.0,0.006734006734006734
TYR,0.010101010101010102,0.0,0.0,0.04377104377104377
