,dN,g,a,dC
ALA,0.03818953323903819,0.25035360678925034,0.14992927864214992,0.031117397454031116
CYS,0.004243281471004243,0.016973125884016973,0.004243281471004243,0.014144271570014143
ASP,0.004243281471004243,0.04667609618104668,0.0,0.002828854314002829
GLU,0.5643564356435643,0.11598302687411598,0.10183875530410184,0.03253182461103253
PHE,0.008486562942008486,0.014144271570014143,0.008486562942008486,0.13578500707213578
GLY,0.0,0.0,0.0,0.0
HIS,0.05374823196605375,0.2347949080622348,0.0,0.01272984441301273
ILE,0.015558698727015558,0.008486562942008486,0.37906647807637905,0.07355021216407355
LYS,0.026874115983026876,0.04809052333804809,0.0014144271570014145,0.01272984441301273
LEU,0.03818953323903819,0.02545968882602546,0.15983026874115983,0.22347949080622348
MET,0.002828854314002829,0.021216407355021217,0.002828854314002829,0.011315417256011316
ASN,0.0014144271570014145,0.016973125884016973,0.014144271570014143,0.03536067892503536
PRO,0.009900990099009901,0.0,0.0,0.0
GLN,0.1188118811881188,0.019801980198019802,0.002828854314002829,0.016973125884016973
ARG,0.03253182461103253,0.05233380480905234,0.0,0.01272984441301273
SER,0.03818953323903819,0.04526166902404526,0.04809052333804809,0.007072135785007072
THR,0.016973125884016973,0.06647807637906648,0.024045261669024046,0.018387553041018388
VAL,0.015558698727015558,0.008486562942008486,0.10325318246110325,0.039603960396039604
TRP,0.0,0.0,0.0,0.033946251768033946
TYR,0.009900990099009901,0.008486562942008486,0.0,0.2857142857142857
