,dN,g,a,dC
ALA,0.05106382978723404,0.1148936170212766,0.0797872340425532,0.04680851063829787
CYS,0.026595744680851064,0.005319148936170213,0.00851063829787234,0.02553191489361702
ASP,0.009574468085106383,0.013829787234042552,0.022340425531914895,0.0
GLU,0.013829787234042552,0.08191489361702127,0.08829787234042553,0.027659574468085105
PHE,0.06382978723404255,0.030851063829787233,0.014893617021276596,0.06808510638297872
GLY,0.0,0.0,0.0,0.0
HIS,0.0031914893617021275,0.007446808510638298,0.08191489361702127,0.011702127659574468
ILE,0.0425531914893617,0.07553191489361702,0.03404255319148936,0.12234042553191489
LYS,0.02127659574468085,0.022340425531914895,0.09042553191489362,0.01276595744680851
LEU,0.45851063829787236,0.22872340425531915,0.2872340425531915,0.44893617021276594
MET,0.010638297872340425,0.02021276595744681,0.01276595744680851,0.009574468085106383
ASN,0.02127659574468085,0.006382978723404255,0.01702127659574468,0.005319148936170213
PRO,0.002127659574468085,0.0,0.0,0.0
GLN,0.019148936170212766,0.12234042553191489,0.04148936170212766,0.015957446808510637
ARG,0.031914893617021274,0.036170212765957444,0.07127659574468086,0.002127659574468085
SER,0.04042553191489362,0.022340425531914895,0.03297872340425532,0.01702127659574468
THR,0.05638297872340425,0.07872340425531915,0.02021276595744681,0.023404255319148935
VAL,0.06914893617021277,0.1127659574468085,0.036170212765957444,0.08936170212765958
TRP,0.011702127659574468,0.0031914893617021275,0.007446808510638298,0.015957446808510637
TYR,0.04680851063829787,0.01702127659574468,0.05319148936170213,0.0574468085106383
