,dN,g,a,dC
ALA,0.3396094839609484,0.11297071129707113,0.11227336122733612,0.36052998605299863
CYS,0.024407252440725245,0.011854951185495118,0.010460251046025104,0.027196652719665274
ASP,0.011157601115760111,0.0502092050209205,0.00906555090655509,0.0020920502092050207
GLU,0.009762900976290097,0.08647140864714087,0.021617852161785217,0.024407252440725245
PHE,0.07810320781032078,0.017433751743375175,0.03417015341701534,0.03695955369595537
GLY,0.0,0.0,0.0,0.0
HIS,0.026499302649930265,0.05439330543933055,0.005578800557880056,0.02789400278940028
ILE,0.043933054393305436,0.04951185495118549,0.14783821478382148,0.04741980474198047
LYS,0.01813110181311018,0.0502092050209205,0.02092050209205021,0.02092050209205021
LEU,0.15760111576011157,0.15620641562064155,0.2391910739191074,0.22524407252440726
MET,0.01603905160390516,0.029288702928870293,0.02510460251046025,0.019525801952580194
ASN,0.021617852161785217,0.04184100418410042,0.014644351464435146,0.006276150627615063
PRO,0.00697350069735007,0.000697350069735007,0.0,0.0
GLN,0.021617852161785217,0.06276150627615062,0.024407252440725245,0.011854951185495118
ARG,0.016736401673640166,0.05090655509065551,0.04184100418410042,0.011157601115760111
SER,0.06555090655509066,0.05788005578800558,0.05509065550906555,0.04881450488145049
THR,0.016736401673640166,0.05369595536959554,0.02510460251046025,0.04881450488145049
VAL,0.043933054393305436,0.08577405857740586,0.14225941422594143,0.03347280334728033
TRP,0.02301255230125523,0.005578800557880056,0.012552301255230125,0.003486750348675035
TYR,0.058577405857740586,0.022315202231520222,0.05788005578800558,0.043933054393305436
