,dN,g,a,dC
ALA,0.016260162601626018,0.10569105691056911,0.10569105691056911,0.04065040650406504
CYS,0.04878048780487805,0.0,0.0,0.0975609756097561
ASP,0.024390243902439025,0.04065040650406504,0.04878048780487805,0.06504065040650407
GLU,0.14634146341463414,0.17073170731707318,0.016260162601626018,0.2845528455284553
PHE,0.008130081300813009,0.016260162601626018,0.008130081300813009,0.0
GLY,0.0,0.0,0.0,0.0
HIS,0.016260162601626018,0.0,0.0,0.04878048780487805
ILE,0.0,0.008130081300813009,0.11382113821138211,0.016260162601626018
LYS,0.024390243902439025,0.032520325203252036,0.0,0.016260162601626018
LEU,0.25203252032520324,0.056910569105691054,0.17073170731707318,0.16260162601626016
MET,0.14634146341463414,0.008130081300813009,0.016260162601626018,0.056910569105691054
ASN,0.04065040650406504,0.04065040650406504,0.008130081300813009,0.032520325203252036
PRO,0.0,0.0,0.0,0.008130081300813009
GLN,0.04878048780487805,0.13008130081300814,0.21951219512195122,0.04878048780487805
ARG,0.016260162601626018,0.032520325203252036,0.008130081300813009,0.04065040650406504
SER,0.10569105691056911,0.04878048780487805,0.10569105691056911,0.04065040650406504
THR,0.04065040650406504,0.16260162601626016,0.08943089430894309,0.008130081300813009
VAL,0.056910569105691054,0.13821138211382114,0.08130081300813008,0.016260162601626018
TRP,0.0,0.0,0.008130081300813009,0.0
TYR,0.008130081300813009,0.008130081300813009,0.0,0.016260162601626018
