,dN,g,a,dC
ALA,0.10841654778887304,0.08416547788873038,0.23537803138373753,0.08131241084165478
CYS,0.009985734664764621,0.014265335235378032,0.005706134094151213,0.03281027104136947
ASP,0.024251069900142655,0.008559201141226819,0.007132667617689016,0.009985734664764621
GLU,0.02710413694721826,0.11697574893009986,0.012838801711840228,0.2767475035663338
PHE,0.15977175463623394,0.04136947218259629,0.014265335235378032,0.037089871611982884
GLY,0.0,0.0,0.0,0.0
HIS,0.008559201141226819,0.07988587731811697,0.007132667617689016,0.0014265335235378032
ILE,0.06562054208273894,0.08131241084165478,0.16975748930099857,0.05991440798858773
LYS,0.03851640513552068,0.11269614835948645,0.0042796005706134095,0.014265335235378032
LEU,0.2810271041369472,0.06704707560627675,0.29243937232524964,0.19686162624821682
MET,0.06276747503566334,0.008559201141226819,0.019971469329529243,0.018544935805991442
ASN,0.0028530670470756064,0.08273894436519258,0.0042796005706134095,0.018544935805991442
PRO,0.0014265335235378032,0.0,0.0,0.0
GLN,0.017118402282453638,0.0898716119828816,0.0442225392296719,0.025677603423680456
ARG,0.0042796005706134095,0.0442225392296719,0.015691868758915834,0.0028530670470756064
SER,0.0442225392296719,0.07132667617689016,0.12410841654778887,0.04136947218259629
THR,0.02710413694721826,0.019971469329529243,0.005706134094151213,0.0456490727532097
VAL,0.09700427960057062,0.014265335235378032,0.018544935805991442,0.09557774607703282
TRP,0.0042796005706134095,0.005706134094151213,0.0014265335235378032,0.009985734664764621
TYR,0.015691868758915834,0.05706134094151213,0.017118402282453638,0.03138373751783167
