,dN,g,a,dC
ALA,0.11244979919678715,0.07630522088353414,0.08433734939759036,0.08433734939759036
CYS,0.008032128514056224,0.0,0.01606425702811245,0.0
ASP,0.01606425702811245,0.05220883534136546,0.0,0.01606425702811245
GLU,0.14859437751004015,0.04417670682730924,0.04819277108433735,0.040160642570281124
PHE,0.020080321285140562,0.024096385542168676,0.020080321285140562,0.04417670682730924
GLY,0.0,0.0,0.0,0.0
HIS,0.040160642570281124,0.024096385542168676,0.04819277108433735,0.004016064257028112
ILE,0.04417670682730924,0.020080321285140562,0.15261044176706828,0.0321285140562249
LYS,0.0321285140562249,0.12048192771084337,0.012048192771084338,0.020080321285140562
LEU,0.15261044176706828,0.15261044176706828,0.24899598393574296,0.3534136546184739
MET,0.020080321285140562,0.028112449799196786,0.040160642570281124,0.05622489959839357
ASN,0.012048192771084338,0.05220883534136546,0.10843373493975904,0.024096385542168676
PRO,0.012048192771084338,0.0,0.008032128514056224,0.0
GLN,0.07630522088353414,0.08433734939759036,0.004016064257028112,0.0963855421686747
ARG,0.04819277108433735,0.08433734939759036,0.012048192771084338,0.004016064257028112
SER,0.05622489959839357,0.060240963855421686,0.08032128514056225,0.08433734939759036
THR,0.11646586345381527,0.03614457831325301,0.03614457831325301,0.05220883534136546
VAL,0.05220883534136546,0.12449799196787148,0.06827309236947791,0.004016064257028112
TRP,0.0,0.004016064257028112,0.0,0.01606425702811245
TYR,0.0321285140562249,0.012048192771084338,0.012048192771084338,0.06827309236947791
